CITY,SIZE
1,11895578
2,6729894
3,2982818
4,2574412
5,2568928
6,2416339
7,2279686
8,1829225
9,1587707
10,1494599
11,1398531
12,1389322
13,1345364
14,1185977
15,1088057
16,994464
17,960652
18,954537
19,902644
20,888679
21,866347
22,843046
23,840499
24,785368
25,778711
26,757459
27,756952
28,754954
29,728400
30,724756
31,683285
32,682932
33,657948
34,654888
35,649975
36,628849
37,577318
38,576361
39,572274
40,565764
41,550925
42,519011
43,518263
44,516720
45,514873
46,507838
47,502899
48,501597
49,487200
50,479256
51,470169
52,468120
53,466536
54,460313
55,440939
56,438827
57,434321
58,429567
59,429380
60,429236
61,425983
62,415847
63,414083
64,404118
65,402290
66,398462
67,394024
68,391740
69,387852
70,382521
71,380597
72,375730
73,375485
74,372562
75,365577
76,365402
77,364331
78,364104
79,362960
80,359554
81,357311
82,354142
83,345644
84,344828
85,342800
86,338407
87,336131
88,330339
89,323625
90,321298
91,319394
92,318765
93,314627
94,303004
95,300728
96,298854
97,295500
98,294983
99,294973
100,289949
101,289787
102,288513
103,287289
104,287004
105,285146
106,284274
107,282244
108,279898
109,278034
110,275959
111,275294
112,269298
113,267796
114,266649
115,265294
116,264138
117,260640
118,259323
119,259167
120,257414
121,254481
122,252318
123,249968
124,249684
125,247331
126,246655
127,246627
128,245477
129,244092
130,243661
131,242328
132,241924
133,240720
134,240613
135,240040
136,238166
137,238025
138,237931
139,235879
140,235445
141,234083
142,232113
143,229483
144,225669
145,225281
146,218872
147,217960
148,216969
149,216029
150,215286
151,214564
152,213506
153,211986
154,208857
155,207775
156,207603
157,203328
158,202450
159,198958
160,198323
161,196676
162,195753
163,194116
164,189338
165,189028
166,188710
167,185622
168,184634
169,182241
170,181912
171,181688
172,181493
173,181007
174,179120
175,178803
176,178713
177,176692
178,174561
179,172109
180,172027
181,171609
182,171533
183,171107
184,170999
185,170667
186,169849
187,169552
188,168733
189,168099
190,167870
191,166043
192,163928
193,163774
194,163428
195,162341
196,161506
197,160751
198,160662
199,160038
200,159735
201,159121
202,158620
203,155771
204,155544
205,153332
206,152306
207,151949
208,151064
209,150858
210,150442
211,149819
212,149786
213,149093
214,148758
215,143837
216,143799
217,142802
218,142695
219,142571
220,141435
221,141303
222,141084
223,140125
224,139359
225,138232
226,138104
227,137980
228,137892
229,137773
230,137612
231,137331
232,137323
233,136982
234,136826
235,136542
236,135331
237,134944
238,134306
239,134286
240,133684
241,133359
242,132849
243,131679
244,131600
245,131277
246,131199
247,129630
248,128622
249,128560
250,127775
251,126600
252,126403
253,125785
254,124934
255,124788
256,123980
257,123863
258,123207
259,122988
260,122874
261,122312
262,121988
263,121972
264,121900
265,121710
266,120885
267,120789
268,120561
269,120515
270,120478
271,120394
272,119576
273,119172
274,119142
275,119128
276,118998
277,118877
278,118353
279,118295
280,117759
281,117747
282,117677
283,117435
284,116662
285,116530
286,115690
287,115495
288,115082
289,115051
290,113525
291,112910
292,112843
293,112547
294,112520
295,112289
296,111009
297,110691
298,110619
299,110556
300,110506
301,110404
302,109884
303,109497
304,109267
305,108937
306,108573
307,108551
308,108528
309,108408
310,108161
311,107774
312,107620
313,107246
314,107222
315,107092
316,106877
317,106431
318,106397
319,106094
320,105638
321,105558
322,104788
323,104642
324,104277
325,103945
326,103340
327,102500
328,102410
329,102251
330,102149
331,102033
332,101956
333,101316
334,101302
335,100360
336,100159
337,99678
338,99107
339,98963
340,98501
341,98397
342,98382
343,98257
344,98143
345,97637
346,97577
347,97435
348,97399
349,97363
350,96651
351,96632
352,96602
353,96598
354,96545
355,96238
356,96098
357,95956
358,95762
359,95534
360,95525
361,95201
362,94062
363,93852
364,93619
365,93065
366,92927
367,92324
368,92256
369,91947
370,91887
371,91626
372,91573
373,90795
374,90724
375,90687
376,90104
377,90028
378,89943
379,89574
380,88483
381,88167
382,87919
383,87775
384,87672
385,87370
386,87296
387,86851
388,86649
389,86629
390,86433
391,86228
392,86137
393,85982
394,85873
395,85797
396,85160
397,84737
398,84737
399,84428
400,84404
401,84202
402,84087
403,84019
404,83862
405,83647
406,83360
407,83330
408,83205
409,83009
410,82359
411,82300
412,82250
413,82028
414,82003
415,81950
416,81342
417,80998
418,80304
419,80217
420,79981
421,79934
422,79809
423,79663
424,79395
425,79278
426,79235
427,79221
428,79130
429,78754
430,78752
431,78442
432,78425
433,78317
434,78210
435,78181
436,78079
437,77976
438,77898
439,77651
440,77601
441,77207
442,77182
443,77014
444,76982
445,76729
446,76578
447,76513
448,76390
449,76365
450,76333
451,75998
452,75815
453,75597
454,75526
455,75475
456,75291
457,75083
458,75053
459,74935
460,74894
461,74836
462,74825
463,74808
464,74742
465,74614
466,74582
467,74329
468,74119
469,74095
470,73919
471,73820
472,73781
473,73596
474,73467
475,73286
476,73281
477,72694
478,72477
479,72460
480,72326
481,72283
482,71462
483,71316
484,70805
485,70679
486,70668
487,70543
488,70067
489,69876
490,69717
491,69324
492,68955
493,68805
494,68758
495,68735
496,68704
497,68555
498,68395
499,68329
500,68244
501,68191
502,67999
503,67872
504,67676
505,67515
506,67296
507,67114
508,67087
509,66993
510,66978
511,66898
512,66873
513,66295
514,66171
515,66110
516,66012
517,65957
518,65714
519,65705
520,65635
521,65485
522,65416
523,65408
524,65323
525,65031
526,64910
527,64809
528,64802
529,64704
530,64547
531,64519
532,64255
533,64228
534,64150
535,64058
536,63959
537,63754
538,63641
539,63638
540,63415
541,63339
542,63317
543,63203
544,62701
545,62609
546,62559
547,62455
548,62341
549,62322
550,62312
551,62285
552,62269
553,62252
554,62065
555,61970
556,61908
557,61801
558,61732
559,61516
560,61473
561,61351
562,61323
563,61291
564,61223
565,61204
566,60942
567,60874
568,60796
569,60486
570,60189
571,60102
572,59960
573,59873
574,59837
575,59836
576,59638
577,59569
578,59264
579,59125
580,59113
581,59037
582,58906
583,58413
584,58345
585,58299
586,58140
587,57913
588,57758
589,57647
590,57543
591,57499
592,57120
593,57086
594,57023
595,56999
596,56896
597,56721
598,56701
599,56674
600,56615
601,56593
602,56406
603,56397
604,56296
605,56170
606,56107
607,55949
608,55877
609,55798
610,55784
611,55666
612,55633
613,55583
614,55271
615,55164
616,55041
617,54986
618,54940
619,54795
620,54586
621,54572
622,54425
623,54360
624,54300
625,54239
626,54237
627,54194
628,54111
629,53995
630,53952
631,53943
632,53940
633,53806
634,53778
635,53640
636,53629
637,53583
638,53555
639,53528
640,53416
641,53391
642,53322
643,53309
644,53157
645,53115
646,53083
647,53054
648,52809
649,52707
650,52696
651,52621
652,52613
653,52187
654,52169
655,52103
656,52084
657,51788
658,51660
659,51318
660,51264
661,51107
662,50998
663,50959
664,50730
665,50642
666,50613
667,50610
668,50428
669,50336
670,50331
671,50214
672,50178
673,50153
674,50033
675,50017
676,49986
677,49971
678,49941
679,49891
680,49829
681,49823
682,49815
683,49693
684,49668
685,49637
686,49533
687,49440
688,49374
689,49354
690,49353
691,49086
692,48955
693,48929
694,48927
695,48903
696,48725
697,48563
698,48561
699,48532
700,48530
701,48475
702,48473
703,48286
704,48207
705,48168
706,48036
707,47983
708,47831
709,47800
710,47738
711,47707
712,47677
713,47614
714,47596
715,47575
716,47558
717,47406
718,47403
719,47397
720,47368
721,47351
722,47099
723,47074
724,47014
725,46979
726,46969
727,46943
728,46868
729,46719
730,46664
731,46656
732,46653
733,46578
734,46517
735,46427
736,46249
737,46223
738,46217
739,46215
740,46192
741,45939
742,45875
743,45857
744,45830
745,45534
746,45465
747,45418
748,45408
749,45400
750,45328
751,45327
752,45317
753,45250
754,45138
755,45062
756,45042
757,44978
758,44839
759,44540
760,44467
761,44413
762,44393
763,44391
764,44384
765,44342
766,44332
767,44323
768,44294
769,44285
770,44150
771,44098
772,43992
773,43916
774,43725
775,43713
776,43686
777,43673
778,43656
779,43636
780,43624
781,43594
782,43553
783,43413
784,43392
785,43362
786,43348
787,43309
788,43283
789,43268
790,43255
791,43115
792,43112
793,42968
794,42936
795,42930
796,42918
797,42746
798,42682
799,42543
800,42510
801,42507
802,42480
803,42442
804,42407
805,42320
806,42282
807,42257
808,42114
809,42087
810,42056
811,41943
812,41909
813,41894
814,41786
815,41745
816,41647
817,41641
818,41621
819,41551
820,41536
821,41512
822,41447
823,41416
824,41414
825,41405
826,41400
827,41332
828,41226
829,41197
830,40954
831,40932
832,40784
833,40777
834,40771
835,40681
836,40608
837,40552
838,40509
839,40467
840,40464
841,40424
842,40411
843,40383
844,40278
845,40246
846,40239
847,40168
848,40160
849,40147
850,40011
851,40005
852,39936
853,39922
854,39902
855,39850
856,39763
857,39725
858,39715
859,39633
860,39576
861,39556
862,39545
863,39531
864,39501
865,39481
866,39435
867,39403
868,39396
869,39379
870,39327
871,39307
872,39291
873,39278
874,39233
875,39193
876,39163
877,39161
878,39117
879,39053
880,39039
881,38996
882,38905
883,38879
884,38831
885,38767
886,38708
887,38690
888,38681
889,38668
890,38656
891,38649
892,38609
893,38530
894,38481
895,38478
896,38451
897,38446
898,38391
899,38376
900,38333
901,38318
902,38285
903,38267
904,38246
905,38166
906,38105
907,38094
908,38050
909,37999
910,37972
911,37969
912,37859
913,37855
914,37742
915,37700
916,37644
917,37541
918,37409
919,37401
920,37390
921,37372
922,37360
923,37335
924,37272
925,37241
926,37225
927,37172
928,37048
929,36997
930,36983
931,36978
932,36830
933,36777
934,36752
935,36747
936,36692
937,36626
938,36623
939,36583
940,36518
941,36499
942,36496
943,36451
944,36392
945,36377
946,36334
947,36329
948,36231
949,36129
950,36124
951,36119
952,36109
953,36098
954,36060
955,36021
956,35991
957,35991
958,35957
959,35904
960,35902
961,35899
962,35863
963,35858
964,35666
965,35642
966,35554
967,35534
968,35534
969,35534
970,35522
971,35491
972,35397
973,35322
974,35250
975,35237
976,35228
977,35224
978,35221
979,35196
980,35159
981,35124
982,35118
983,35031
984,34947
985,34905
986,34879
987,34806
988,34783
989,34768
990,34763
991,34733
992,34639
993,34633
994,34624
995,34546
996,34513
997,34466
998,34441
999,34440
1000,34416
1001,34392
1002,34353
1003,34343
1004,34312
1005,34269
1006,34255
1007,34252
1008,34233
1009,34210
1010,34179
1011,34148
1012,34146
1013,34137
1014,34063
1015,34060
1016,34035
1017,33963
1018,33949
1019,33938
1020,33929
1021,33922
1022,33902
1023,33896
1024,33796
1025,33791
1026,33757
1027,33752
1028,33749
1029,33742
1030,33727
1031,33706
1032,33700
1033,33691
1034,33684
1035,33656
1036,33608
1037,33599
1038,33534
1039,33529
1040,33508
1041,33494
1042,33491
1043,33436
1044,33436
1045,33434
1046,33390
1047,33300
1048,33279
1049,33254
1050,33243
1051,33232
1052,33227
1053,33223
1054,33205
1055,33188
1056,33181
1057,33110
1058,33103
1059,33071
1060,33070
1061,33032
1062,33004
1063,32966
1064,32962
1065,32904
1066,32890
1067,32888
1068,32858
1069,32816
1070,32794
1071,32726
1072,32717
1073,32716
1074,32714
1075,32701
1076,32698
1077,32694
1078,32694
1079,32622
1080,32608
1081,32584
1082,32522
1083,32521
1084,32491
1085,32482
1086,32449
1087,32446
1088,32442
1089,32436
1090,32426
1091,32406
1092,32405
1093,32377
1094,32305
1095,32268
1096,32267
1097,32256
1098,32165
1099,32153
1100,32123
1101,32118
1102,32103
1103,32099
1104,32095
1105,32086
1106,32054
1107,32044
1108,32043
1109,32014
1110,32010
1111,31992
1112,31975
1113,31973
1114,31961
1115,31906
1116,31872
1117,31851
1118,31847
1119,31807
1120,31792
1121,31778
1122,31775
1123,31775
1124,31769
1125,31756
1126,31746
1127,31694
1128,31683
1129,31665
1130,31627
1131,31557
1132,31555
1133,31528
1134,31509
1135,31499
1136,31405
1137,31397
1138,31385
1139,31345
1140,31333
1141,31328
1142,31314
1143,31290
1144,31269
1145,31232
1146,31152
1147,30936
1148,30920
1149,30892
1150,30870
1151,30862
1152,30806
1153,30799
1154,30757
1155,30744
1156,30729
1157,30671
1158,30603
1159,30590
1160,30550
1161,30526
1162,30521
1163,30481
1164,30472
1165,30448
1166,30444
1167,30441
1168,30375
1169,30373
1170,30370
1171,30321
1172,30261
1173,30198
1174,30172
1175,30158
1176,30155
1177,30146
1178,30121
1179,30013
1180,30003
1181,29949
1182,29927
1183,29899
1184,29881
1185,29849
1186,29846
1187,29827
1188,29820
1189,29783
1190,29736
1191,29725
1192,29719
1193,29613
1194,29606
1195,29588
1196,29578
1197,29577
1198,29576
1199,29563
1200,29560
1201,29543
1202,29525
1203,29509
1204,29463
1205,29446
1206,29440
1207,29425
1208,29392
1209,29343
1210,29337
1211,29305
1212,29257
1213,29209
1214,29197
1215,29134
1216,29123
1217,29117
1218,29093
1219,29054
1220,29053
1221,29043
1222,29034
1223,28970
1224,28953
1225,28909
1226,28903
1227,28826
1228,28821
1229,28786
1230,28761
1231,28760
1232,28737
1233,28707
1234,28670
1235,28633
1236,28617
1237,28606
1238,28561
1239,28496
1240,28453
1241,28417
1242,28414
1243,28411
1244,28403
1245,28384
1246,28359
1247,28358
1248,28287
1249,28275
1250,28268
1251,28267
1252,28258
1253,28250
1254,28212
1255,28204
1256,28163
1257,28123
1258,28105
1259,28042
1260,28009
1261,28007
1262,27931
1263,27891
1264,27887
1265,27875
1266,27866
1267,27841
1268,27757
1269,27749
1270,27734
1271,27732
1272,27710
1273,27670
1274,27662
1275,27657
1276,27656
1277,27638
1278,27582
1279,27551
1280,27511
1281,27488
1282,27482
1283,27453
1284,27441
1285,27421
1286,27406
1287,27389
1288,27362
1289,27358
1290,27350
1291,27344
1292,27343
1293,27308
1294,27297
1295,27273
1296,27221
1297,27207
1298,27142
1299,27123
1300,27064
1301,27059
1302,27009
1303,27009
1304,26998
1305,26959
1306,26939
1307,26860
1308,26852
1309,26847
1310,26809
1311,26794
1312,26774
1313,26773
1314,26764
1315,26755
1316,26715
1317,26705
1318,26696
1319,26638
1320,26606
1321,26587
1322,26574
1323,26546
1324,26501
1325,26487
1326,26482
1327,26478
1328,26465
1329,26457
1330,26411
1331,26341
1332,26310
1333,26284
1334,26245
1335,26240
1336,26221
1337,26204
1338,26191
1339,26167
1340,26165
1341,26163
1342,26151
1343,26145
1344,26138
1345,26115
1346,26090
1347,26082
1348,26082
1349,26065
1350,26021
1351,26010
1352,26006
1353,25968
1354,25933
1355,25930
1356,25891
1357,25799
1358,25774
1359,25770
1360,25769
1361,25767
1362,25723
1363,25696
1364,25681
1365,25626
1366,25592
1367,25552
1368,25537
1369,25529
1370,25520
1371,25517
1372,25497
1373,25494
1374,25486
1375,25471
1376,25458
1377,25452
1378,25441
1379,25441
1380,25430
1381,25394
1382,25383
1383,25333
1384,25332
1385,25331
1386,25317
1387,25312
1388,25309
1389,25299
1390,25287
1391,25243
1392,25218
1393,25218
1394,25201
1395,25197
1396,25179
1397,25168
1398,25143
1399,25130
1400,25127
1401,25126
1402,25112
1403,25109
1404,25108
1405,25090
1406,25085
1407,25085
1408,25075
1409,25060
1410,25055
1411,25038
1412,25000
1413,24999
1414,24989
1415,24987
1416,24978
1417,24976
1418,24952
1419,24933
1420,24917
1421,24906
1422,24886
1423,24883
1424,24870
1425,24863
1426,24855
1427,24855
1428,24851
1429,24848
1430,24825
1431,24803
1432,24800
1433,24799
1434,24772
1435,24761
1436,24761
1437,24759
1438,24751
1439,24741
1440,24723
1441,24701
1442,24693
1443,24686
1444,24649
1445,24644
1446,24643
1447,24627
1448,24624
1449,24622
1450,24615
1451,24607
1452,24606
1453,24604
1454,24591
1455,24587
1456,24543
1457,24540
1458,24538
1459,24534
1460,24530
1461,24520
1462,24517
1463,24512
1464,24509
1465,24509
1466,24503
1467,24489
1468,24480
1469,24474
1470,24452
1471,24451
1472,24441
1473,24434
1474,24423
1475,24423
1476,24420
1477,24389
1478,24381
1479,24377
1480,24376
1481,24368
1482,24330
1483,24329
1484,24321
1485,24301
1486,24291
1487,24280
1488,24269
1489,24267
1490,24254
1491,24233
1492,24217
1493,24191
1494,24176
1495,24170
1496,24163
1497,24159
1498,24144
1499,24124
1500,24107
1501,24068
1502,24036
1503,24004
1504,24000
1505,23996
1506,23996
1507,23989
1508,23988
1509,23889
1510,23882
1511,23859
1512,23843
1513,23819
1514,23813
1515,23796
1516,23782
1517,23779
1518,23725
1519,23712
1520,23682
1521,23643
1522,23621
1523,23608
1524,23605
1525,23597
1526,23579
1527,23575
1528,23563
1529,23533
1530,23494
1531,23449
1532,23430
1533,23430
1534,23379
1535,23356
1536,23351
1537,23278
1538,23246
1539,23203
1540,23191
1541,23161
1542,23126
1543,23085
1544,23082
1545,23054
1546,23053
1547,23052
1548,23049
1549,23000
1550,22955
1551,22940
1552,22939
1553,22934
1554,22925
1555,22920
1556,22853
1557,22799
1558,22797
1559,22779
1560,22756
1561,22743
1562,22741
1563,22699
1564,22678
1565,22670
1566,22650
1567,22596
1568,22596
1569,22559
1570,22550
1571,22530
1572,22527
1573,22501
1574,22490
1575,22484
1576,22479
1577,22456
1578,22443
1579,22438
1580,22435
1581,22373
1582,22369
1583,22367
1584,22357
1585,22352
1586,22323
1587,22316
1588,22299
1589,22290
1590,22288
1591,22267
1592,22214
1593,22212
1594,22200
1595,22179
1596,22173
1597,22169
1598,22168
1599,22147
1600,22136
1601,22130
1602,22126
1603,22125
1604,22104
1605,22082
1606,22079
1607,22076
1608,22048
1609,22036
1610,22026
1611,21995
1612,21991
1613,21965
1614,21900
1615,21897
1616,21865
1617,21851
1618,21827
1619,21769
1620,21745
1621,21741
1622,21735
1623,21733
1624,21724
1625,21723
1626,21708
1627,21704
1628,21690
1629,21686
1630,21682
1631,21659
1632,21638
1633,21607
1634,21606
1635,21601
1636,21575
1637,21559
1638,21549
1639,21537
1640,21518
1641,21517
1642,21499
1643,21487
1644,21464
1645,21462
1646,21447
1647,21444
1648,21438
1649,21436
1650,21422
1651,21421
1652,21415
1653,21411
1654,21395
1655,21388
1656,21334
1657,21329
1658,21314
1659,21301
1660,21296
1661,21293
1662,21284
1663,21279
1664,21273
1665,21259
1666,21229
1667,21224
1668,21217
1669,21214
1670,21193
1671,21185
1672,21165
1673,21143
1674,21132
1675,21113
1676,21106
1677,21087
1678,21064
1679,21022
1680,21009
1681,21005
1682,20970
1683,20951
1684,20950
1685,20918
1686,20910
1687,20878
1688,20859
1689,20859
1690,20835
1691,20792
1692,20772
1693,20767
1694,20763
1695,20677
1696,20674
1697,20666
1698,20663
1699,20650
1700,20612
1701,20612
1702,20588
1703,20577
1704,20567
1705,20566
1706,20565
1707,20552
1708,20542
1709,20539
1710,20518
1711,20512
1712,20506
1713,20501
1714,20492
1715,20460
1716,20440
1717,20433
1718,20418
1719,20413
1720,20393
1721,20373
1722,20372
1723,20369
1724,20353
1725,20345
1726,20343
1727,20339
1728,20329
1729,20315
1730,20304
1731,20262
1732,20232
1733,20229
1734,20224
1735,20223
1736,20212
1737,20205
1738,20199
1739,20161
1740,20146
1741,20139
1742,20132
1743,20096
1744,20095
1745,20044
1746,20037
1747,20019
1748,19996
1749,19996
1750,19983
1751,19937
1752,19936
1753,19915
1754,19903
1755,19901
1756,19885
1757,19844
1758,19829
1759,19827
1760,19827
1761,19817
1762,19809
1763,19799
1764,19767
1765,19752
1766,19739
1767,19725
1768,19669
1769,19669
1770,19667
1771,19667
1772,19663
1773,19655
1774,19654
1775,19625
1776,19619
1777,19611
1778,19588
1779,19578
1780,19576
1781,19554
1782,19552
1783,19550
1784,19535
1785,19513
1786,19507
1787,19505
1788,19500
1789,19490
1790,19468
1791,19458
1792,19433
1793,19430
1794,19428
1795,19427
1796,19422
1797,19375
1798,19374
1799,19354
1800,19349
1801,19270
1802,19265
1803,19249
1804,19246
1805,19246
1806,19241
1807,19223
1808,19214
1809,19210
1810,19188
1811,19177
1812,19173
1813,19162
1814,19148
1815,19129
1816,19129
1817,19090
1818,19059
1819,19054
1820,19054
1821,19042
1822,19028
1823,19022
1824,18994
1825,18994
1826,18988
1827,18958
1828,18954
1829,18933
1830,18930
1831,18909
1832,18908
1833,18908
1834,18890
1835,18852
1836,18842
1837,18841
1838,18836
1839,18835
1840,18831
1841,18824
1842,18823
1843,18811
1844,18808
1845,18793
1846,18790
1847,18787
1848,18774
1849,18772
1850,18768
1851,18759
1852,18750
1853,18743
1854,18736
1855,18725
1856,18723
1857,18722
1858,18713
1859,18708
1860,18685
1861,18685
1862,18680
1863,18679
1864,18675
1865,18672
1866,18670
1867,18660
1868,18646
1869,18626
1870,18620
1871,18619
1872,18609
1873,18604
1874,18579
1875,18573
1876,18571
1877,18565
1878,18560
1879,18557
1880,18557
1881,18548
1882,18498
1883,18493
1884,18486
1885,18471
1886,18469
1887,18468
1888,18461
1889,18443
1890,18403
1891,18373
1892,18363
1893,18314
1894,18304
1895,18300
1896,18295
1897,18291
1898,18289
1899,18286
1900,18279
1901,18258
1902,18258
1903,18258
1904,18250
1905,18245
1906,18240
1907,18228
1908,18225
1909,18223
1910,18197
1911,18197
1912,18161
1913,18153
1914,18153
1915,18139
1916,18133
1917,18128
1918,18120
1919,18103
1920,18075
1921,18052
1922,18049
1923,18048
1924,18045
1925,18039
1926,18033
1927,18031
1928,18007
1929,17991
1930,17990
1931,17984
1932,17974
1933,17973
1934,17967
1935,17960
1936,17951
1937,17950
1938,17950
1939,17949
1940,17947
1941,17945
1942,17932
1943,17920
1944,17920
1945,17913
1946,17912
1947,17902
1948,17897
1949,17887
1950,17885
1951,17862
1952,17856
1953,17843
1954,17840
1955,17838
1956,17836
1957,17836
1958,17834
1959,17832
1960,17830
1961,17830
1962,17811
1963,17811
1964,17807
1965,17804
1966,17792
1967,17780
1968,17771
1969,17770
1970,17763
1971,17760
1972,17758
1973,17751
1974,17749
1975,17747
1976,17745
1977,17740
1978,17736
1979,17718
1980,17712
1981,17681
1982,17674
1983,17664
1984,17663
1985,17660
1986,17657
1987,17654
1988,17651
1989,17647
1990,17638
1991,17626
1992,17625
1993,17612
1994,17609
1995,17605
1996,17598
1997,17597
1998,17593
1999,17592
2000,17591
2001,17580
2002,17579
2003,17577
2004,17571
2005,17567
2006,17554
2007,17539
2008,17538
2009,17537
2010,17537
2011,17533
2012,17523
2013,17521
2014,17517
2015,17511
2016,17510
2017,17509
2018,17499
2019,17496
2020,17495
2021,17488
2022,17463
2023,17457
2024,17455
2025,17445
2026,17444
2027,17442
2028,17420
2029,17418
2030,17417
2031,17414
2032,17388
2033,17386
2034,17384
2035,17379
2036,17362
2037,17360
2038,17346
2039,17344
2040,17333
2041,17320
2042,17309
2043,17307
2044,17306
2045,17266
2046,17264
2047,17256
2048,17255
2049,17254
2050,17248
2051,17226
2052,17220
2053,17215
2054,17202
2055,17194
2056,17176
2057,17164
2058,17156
2059,17149
2060,17128
2061,17127
2062,17120
2063,17109
2064,17103
2065,17079
2066,17039
2067,17012
2068,17009
2069,17006
2070,16998
2071,16992
2072,16984
2073,16975
2074,16956
2075,16950
2076,16949
2077,16945
2078,16907
2079,16905
2080,16903
2081,16890
2082,16854
2083,16849
2084,16795
2085,16791
2086,16764
2087,16759
2088,16740
2089,16735
2090,16735
2091,16711
2092,16691
2093,16691
2094,16670
2095,16662
2096,16655
2097,16618
2098,16610
2099,16605
2100,16588
2101,16574
2102,16568
2103,16558
2104,16546
2105,16529
2106,16504
2107,16485
2108,16472
2109,16467
2110,16458
2111,16433
2112,16419
2113,16414
2114,16393
2115,16386
2116,16379
2117,16375
2118,16373
2119,16362
2120,16360
2121,16346
2122,16334
2123,16323
2124,16314
2125,16312
2126,16282
2127,16255
2128,16254
2129,16253
2130,16252
2131,16240
2132,16206
2133,16201
2134,16185
2135,16184
2136,16183
2137,16163
2138,16126
2139,16097
2140,16072
2141,16069
2142,16062
2143,16047
2144,15979
2145,15975
2146,15960
2147,15949
2148,15947
2149,15943
2150,15919
2151,15910
2152,15892
2153,15883
2154,15870
2155,15869
2156,15843
2157,15842
2158,15834
2159,15812
2160,15798
2161,15794
2162,15794
2163,15792
2164,15781
2165,15779
2166,15764
2167,15762
2168,15753
2169,15749
2170,15744
2171,15743
2172,15743
2173,15742
2174,15740
2175,15719
2176,15713
2177,15707
2178,15701
2179,15690
2180,15689
2181,15684
2182,15656
2183,15650
2184,15636
2185,15619
2186,15617
2187,15606
2188,15605
2189,15596
2190,15583
2191,15583
2192,15571
2193,15568
2194,15554
2195,15550
2196,15537
2197,15485
2198,15478
2199,15476
2200,15457
2201,15432
2202,15421
2203,15418
2204,15417
2205,15396
2206,15387
2207,15386
2208,15381
2209,15371
2210,15360
2211,15294
2212,15278
2213,15272
2214,15268
2215,15264
2216,15259
2217,15255
2218,15248
2219,15236
2220,15235
2221,15222
2222,15217
2223,15214
2224,15213
2225,15193
2226,15174
2227,15146
2228,15143
2229,15142
2230,15137
2231,15120
2232,15113
2233,15109
2234,15082
2235,15077
2236,15072
2237,15070
2238,15068
2239,15062
2240,15061
2241,15056
2242,15035
2243,15005
2244,15001
2245,14998
2246,14994
2247,14989
2248,14977
2249,14975
2250,14938
2251,14937
2252,14923
2253,14923
2254,14909
2255,14901
2256,14899
2257,14884
2258,14871
2259,14854
2260,14837
2261,14837
2262,14834
2263,14824
2264,14822
2265,14815
2266,14815
2267,14811
2268,14796
2269,14788
2270,14772
2271,14757
2272,14756
2273,14754
2274,14736
2275,14736
2276,14732
2277,14731
2278,14724
2279,14721
2280,14691
2281,14666
2282,14663
2283,14662
2284,14661
2285,14657
2286,14655
2287,14650
2288,14647
2289,14635
2290,14623
2291,14622
2292,14599
2293,14588
2294,14576
2295,14565
2296,14557
2297,14555
2298,14554
2299,14551
2300,14546
2301,14539
2302,14533
2303,14531
2304,14525
2305,14517
2306,14514
2307,14513
2308,14512
2309,14506
2310,14501
2311,14491
2312,14486
2313,14484
2314,14468
2315,14464
2316,14464
2317,14463
2318,14461
2319,14443
2320,14422
2321,14418
2322,14417
2323,14416
2324,14415
2325,14411
2326,14401
2327,14399
2328,14393
2329,14391
2330,14386
2331,14385
2332,14382
2333,14381
2334,14377
2335,14376
2336,14375
2337,14373
2338,14359
2339,14355
2340,14351
2341,14350
2342,14345
2343,14342
2344,14338
2345,14332
2346,14332
2347,14331
2348,14325
2349,14325
2350,14320
2351,14316
2352,14314
2353,14312
2354,14310
2355,14308
2356,14306
2357,14306
2358,14297
2359,14295
2360,14288
2361,14284
2362,14280
2363,14279
2364,14279
2365,14277
2366,14263
2367,14260
2368,14258
2369,14253
2370,14252
2371,14247
2372,14246
2373,14243
2374,14236
2375,14234
2376,14232
2377,14220
2378,14219
2379,14215
2380,14214
2381,14213
2382,14212
2383,14212
2384,14211
2385,14210
2386,14207
2387,14203
2388,14197
2389,14196
2390,14193
2391,14179
2392,14179
2393,14178
2394,14176
2395,14176
2396,14175
2397,14174
2398,14173
2399,14160
2400,14160
2401,14158
2402,14156
2403,14147
2404,14143
2405,14138
2406,14133
2407,14118
2408,14114
2409,14111
2410,14110
2411,14104
2412,14100
2413,14091
2414,14087
2415,14086
2416,14084
2417,14081
2418,14079
2419,14076
2420,14075
2421,14073
2422,14070
2423,14066
2424,14065
2425,14064
2426,14056
2427,14052
2428,14050
2429,14046
2430,14042
2431,14038
2432,14036
2433,14035
2434,14029
2435,14027
2436,14017
2437,14013
2438,14009
2439,14009
2440,14006
2441,14004
2442,14001
2443,13992
2444,13984
2445,13982
2446,13979
2447,13968
2448,13968
2449,13967
2450,13965
2451,13955
2452,13941
2453,13939
2454,13935
2455,13933
2456,13923
2457,13922
2458,13922
2459,13920
2460,13911
2461,13909
2462,13897
2463,13888
2464,13880
2465,13873
2466,13871
2467,13871
2468,13847
2469,13838
2470,13837
2471,13831
2472,13822
2473,13814
2474,13804
2475,13802
2476,13798
2477,13786
2478,13785
2479,13766
2480,13751
2481,13749
2482,13747
2483,13734
2484,13707
2485,13707
2486,13694
2487,13675
2488,13657
2489,13655
2490,13650
2491,13643
2492,13642
2493,13634
2494,13627
2495,13625
2496,13603
2497,13602
2498,13590
2499,13586
2500,13572
2501,13567
2502,13566
2503,13531
2504,13528
2505,13526
2506,13522
2507,13520
2508,13506
2509,13496
2510,13492
2511,13489
2512,13480
2513,13479
2514,13473
2515,13472
2516,13467
2517,13461
2518,13436
2519,13425
2520,13423
2521,13413
2522,13412
2523,13403
2524,13399
2525,13341
2526,13340
2527,13332
2528,13328
2529,13323
2530,13321
2531,13291
2532,13272
2533,13254
2534,13219
2535,13204
2536,13196
2537,13183
2538,13180
2539,13173
2540,13171
2541,13171
2542,13170
2543,13162
2544,13160
2545,13157
2546,13152
2547,13136
2548,13135
2549,13127
2550,13119
2551,13116
2552,13095
2553,13095
2554,13094
2555,13085
2556,13074
2557,13058
2558,13056
2559,13019
2560,13014
2561,13006
2562,12998
2563,12989
2564,12986
2565,12974
2566,12967
2567,12957
2568,12954
2569,12951
2570,12925
2571,12921
2572,12912
2573,12898
2574,12879
2575,12864
2576,12857
2577,12826
2578,12816
2579,12815
2580,12815
2581,12810
2582,12805
2583,12801
2584,12793
2585,12786
2586,12780
2587,12776
2588,12770
2589,12766
2590,12746
2591,12712
2592,12709
2593,12683
2594,12682
2595,12668
2596,12652
2597,12650
2598,12648
2599,12634
2600,12619
2601,12616
2602,12603
2603,12578
2604,12576
2605,12571
2606,12570
2607,12560
2608,12559
2609,12554
2610,12553
2611,12551
2612,12549
2613,12545
2614,12536
2615,12531
2616,12529
2617,12524
2618,12519
2619,12496
2620,12489
2621,12486
2622,12475
2623,12448
2624,12446
2625,12441
2626,12431
2627,12423
2628,12421
2629,12418
2630,12414
2631,12411
2632,12404
2633,12402
2634,12380
2635,12368
2636,12364
2637,12353
2638,12353
2639,12346
2640,12313
2641,12312
2642,12309
2643,12309
2644,12296
2645,12287
2646,12280
2647,12275
2648,12263
2649,12261
2650,12248
2651,12247
2652,12241
2653,12239
2654,12238
2655,12236
2656,12230
2657,12210
2658,12208
2659,12192
2660,12191
2661,12169
2662,12169
2663,12160
2664,12145
2665,12130
2666,12127
2667,12126
2668,12118
2669,12079
2670,12079
2671,12073
2672,11989
2673,11984
2674,11981
2675,11979
2676,11977
2677,11975
2678,11973
2679,11971
2680,11958
2681,11953
2682,11952
2683,11948
2684,11946
2685,11940
2686,11937
2687,11936
2688,11934
2689,11933
2690,11922
2691,11913
2692,11903
2693,11876
2694,11870
2695,11867
2696,11852
2697,11842
2698,11840
2699,11836
2700,11832
2701,11791
2702,11789
2703,11776
2704,11774
2705,11771
2706,11760
2707,11754
2708,11730
2709,11728
2710,11716
2711,11710
2712,11708
2713,11699
2714,11689
2715,11684
2716,11669
2717,11664
2718,11658
2719,11654
2720,11639
2721,11633
2722,11624
2723,11620
2724,11616
2725,11614
2726,11605
2727,11572
2728,11571
2729,11568
2730,11566
2731,11565
2732,11558
2733,11552
2734,11549
2735,11543
2736,11539
2737,11532
2738,11528
2739,11520
2740,11517
2741,11501
2742,11500
2743,11499
2744,11491
2745,11491
2746,11487
2747,11486
2748,11485
2749,11484
2750,11479
2751,11471
2752,11470
2753,11467
2754,11467
2755,11459
2756,11459
2757,11456
2758,11445
2759,11442
2760,11442
2761,11438
2762,11438
2763,11434
2764,11431
2765,11429
2766,11420
2767,11416
2768,11414
2769,11411
2770,11411
2771,11409
2772,11409
2773,11408
2774,11406
2775,11403
2776,11396
2777,11391
2778,11384
2779,11382
2780,11377
2781,11373
2782,11371
2783,11366
2784,11365
2785,11359
2786,11354
2787,11349
2788,11347
2789,11347
2790,11345
2791,11340
2792,11337
2793,11334
2794,11332
2795,11324
2796,11322
2797,11315
2798,11314
2799,11313
2800,11305
2801,11301
2802,11301
2803,11301
2804,11298
2805,11297
2806,11288
2807,11279
2808,11277
2809,11275
2810,11271
2811,11263
2812,11261
2813,11252
2814,11251
2815,11245
2816,11236
2817,11232
2818,11226
2819,11218
2820,11216
2821,11208
2822,11203
2823,11200
2824,11198
2825,11197
2826,11197
2827,11184
2828,11183
2829,11170
2830,11169
2831,11166
2832,11163
2833,11161
2834,11159
2835,11152
2836,11149
2837,11146
2838,11137
2839,11106
2840,11105
2841,11095
2842,11094
2843,11085
2844,11079
2845,11077
2846,11076
2847,11075
2848,11062
2849,11060
2850,11057
2851,11055
2852,11048
2853,11048
2854,11044
2855,11040
2856,11036
2857,11035
2858,11034
2859,11013
2860,11003
2861,10994
2862,10993
2863,10992
2864,10984
2865,10981
2866,10980
2867,10962
2868,10953
2869,10952
2870,10948
2871,10938
2872,10936
2873,10936
2874,10936
2875,10929
2876,10924
2877,10922
2878,10915
2879,10913
2880,10912
2881,10910
2882,10904
2883,10875
2884,10875
2885,10865
2886,10863
2887,10862
2888,10861
2889,10860
2890,10854
2891,10849
2892,10847
2893,10845
2894,10843
2895,10831
2896,10829
2897,10828
2898,10825
2899,10822
2900,10819
2901,10818
2902,10817
2903,10816
2904,10815
2905,10815
2906,10813
2907,10809
2908,10805
2909,10805
2910,10805
2911,10803
2912,10801
2913,10801
2914,10799
2915,10796
2916,10791
2917,10779
2918,10778
2919,10777
2920,10777
2921,10773
2922,10772
2923,10764
2924,10764
2925,10758
2926,10755
2927,10754
2928,10754
2929,10751
2930,10749
2931,10747
2932,10738
2933,10738
2934,10729
2935,10729
2936,10716
2937,10715
2938,10714
2939,10706
2940,10701
2941,10700
2942,10700
2943,10693
2944,10693
2945,10692
2946,10688
2947,10683
2948,10680
2949,10672
2950,10671
2951,10668
2952,10663
2953,10662
2954,10658
2955,10656
2956,10656
2957,10654
2958,10652
2959,10646
2960,10645
2961,10644
2962,10641
2963,10640
2964,10640
2965,10636
2966,10634
2967,10633
2968,10632
2969,10630
2970,10629
2971,10628
2972,10627
2973,10627
2974,10627
2975,10626
2976,10624
2977,10623
2978,10620
2979,10619
2980,10612
2981,10609
2982,10609
2983,10596
2984,10590
2985,10587
2986,10585
2987,10584
2988,10583
2989,10580
2990,10579
2991,10575
2992,10575
2993,10569
2994,10564
2995,10560
2996,10559
2997,10556
2998,10553
2999,10550
3000,10550
3001,10549
3002,10545
3003,10542
3004,10538
3005,10536
3006,10534
3007,10532
3008,10531
3009,10528
3010,10528
3011,10523
3012,10522
3013,10519
3014,10517
3015,10513
3016,10512
3017,10504
3018,10501
3019,10497
3020,10497
3021,10493
3022,10493
3023,10491
3024,10484
3025,10483
3026,10483
3027,10478
3028,10478
3029,10472
3030,10471
3031,10470
3032,10463
3033,10463
3034,10461
3035,10460
3036,10460
3037,10455
3038,10453
3039,10449
3040,10449
3041,10448
3042,10445
3043,10444
3044,10440
3045,10438
3046,10437
3047,10431
3048,10430
3049,10422
3050,10412
3051,10407
3052,10398
3053,10397
3054,10382
3055,10373
3056,10365
3057,10355
3058,10342
3059,10339
3060,10324
3061,10318
3062,10318
3063,10313
3064,10298
3065,10296
3066,10294
3067,10289
3068,10288
3069,10282
3070,10280
3071,10279
3072,10260
3073,10259
3074,10259
3075,10257
3076,10251
3077,10244
3078,10239
3079,10216
3080,10188
3081,10167
3082,10149
3083,10139
3084,10135
3085,10132
3086,10129
3087,10124
3088,10122
3089,10121
3090,10109
3091,10108
3092,10105
3093,10104
3094,10092
3095,10080
3096,10045
3097,10039
3098,10032
3099,10028
3100,10024
3101,10020
3102,10010
3103,10004
3104,9985
3105,9973
3106,9972
3107,9944
3108,9944
3109,9937
3110,9934
3111,9934
3112,9921
3113,9921
3114,9909
3115,9908
3116,9906
3117,9900
3118,9899
3119,9884
3120,9877
3121,9854
3122,9847
3123,9838
3124,9815
3125,9802
3126,9790
3127,9787
3128,9786
3129,9779
3130,9769
3131,9767
3132,9748
3133,9740
3134,9727
3135,9721
3136,9721
3137,9719
3138,9715
3139,9709
3140,9707
3141,9700
3142,9689
3143,9672
3144,9671
3145,9666
3146,9661
3147,9655
3148,9648
3149,9641
3150,9633
3151,9631
3152,9631
3153,9630
3154,9628
3155,9625
3156,9620
3157,9610
3158,9608
3159,9597
3160,9592
3161,9589
3162,9584
3163,9581
3164,9581
3165,9578
3166,9577
3167,9577
3168,9556
3169,9550
3170,9543
3171,9535
3172,9525
3173,9508
3174,9507
3175,9501
3176,9501
3177,9499
3178,9496
3179,9484
3180,9474
3181,9467
3182,9460
3183,9459
3184,9458
3185,9451
3186,9443
3187,9442
3188,9438
3189,9436
3190,9435
3191,9432
3192,9416
3193,9410
3194,9399
3195,9397
3196,9388
3197,9387
3198,9377
3199,9364
3200,9364
3201,9357
3202,9356
3203,9355
3204,9354
3205,9351
3206,9348
3207,9343
3208,9335
3209,9333
3210,9327
3211,9320
3212,9309
3213,9308
3214,9308
3215,9305
3216,9302
3217,9302
3218,9299
3219,9298
3220,9286
3221,9267
3222,9264
3223,9259
3224,9255
3225,9240
3226,9236
3227,9235
3228,9232
3229,9229
3230,9225
3231,9222
3232,9221
3233,9212
3234,9210
3235,9209
3236,9200
3237,9197
3238,9188
3239,9181
3240,9172
3241,9158
3242,9146
3243,9145
3244,9142
3245,9139
3246,9133
3247,9128
3248,9126
3249,9125
3250,9115
3251,9106
3252,9098
3253,9094
3254,9087
3255,9077
3256,9064
3257,9059
3258,9048
3259,9044
3260,9035
3261,9026
3262,9023
3263,9014
3264,9011
3265,9008
3266,8995
3267,8994
3268,8981
3269,8975
3270,8973
3271,8972
3272,8972
3273,8969
3274,8968
3275,8968
3276,8961
3277,8961
3278,8958
3279,8951
3280,8946
3281,8945
3282,8936
3283,8935
3284,8926
3285,8921
3286,8886
3287,8883
3288,8880
3289,8875
3290,8873
3291,8849
3292,8840
3293,8838
3294,8836
3295,8808
3296,8806
3297,8794
3298,8794
3299,8786
3300,8783
3301,8774
3302,8762
3303,8760
3304,8759
3305,8755
3306,8737
3307,8732
3308,8725
3309,8716
3310,8712
3311,8699
3312,8698
3313,8696
3314,8693
3315,8692
3316,8689
3317,8687
3318,8660
3319,8658
3320,8651
3321,8635
3322,8634
3323,8633
3324,8631
3325,8619
3326,8611
3327,8602
3328,8597
3329,8596
3330,8593
3331,8588
3332,8585
3333,8579
3334,8573
3335,8568
3336,8563
3337,8551
3338,8550
3339,8540
3340,8536
3341,8535
3342,8522
3343,8516
3344,8515
3345,8495
3346,8495
3347,8468
3348,8468
3349,8464
3350,8451
3351,8449
3352,8449
3353,8448
3354,8443
3355,8442
3356,8434
3357,8428
3358,8427
3359,8420
3360,8411
3361,8409
3362,8409
3363,8405
3364,8395
3365,8390
3366,8386
3367,8375
3368,8371
3369,8367
3370,8366
3371,8357
3372,8357
3373,8344
3374,8341
3375,8334
3376,8330
3377,8327
3378,8321
3379,8300
3380,8293
3381,8283
3382,8280
3383,8276
3384,8275
3385,8273
3386,8267
3387,8265
3388,8265
3389,8264
3390,8259
3391,8257
3392,8254
3393,8253
3394,8252
3395,8251
3396,8243
3397,8238
3398,8236
3399,8232
3400,8227
3401,8225
3402,8225
3403,8218
3404,8218
3405,8213
3406,8213
3407,8210
3408,8204
3409,8203
3410,8201
3411,8200
3412,8189
3413,8186
3414,8172
3415,8170
3416,8168
3417,8146
3418,8144
3419,8130
3420,8125
3421,8122
3422,8118
3423,8103
3424,8100
3425,8100
3426,8095
3427,8092
3428,8088
3429,8084
3430,8077
3431,8076
3432,8066
3433,8065
3434,8063
3435,8059
3436,8057
3437,8056
3438,8051
3439,8051
3440,8049
3441,8046
3442,8038
3443,8037
3444,8034
3445,8033
3446,8032
3447,8031
3448,8016
3449,8010
3450,8008
3451,8008
3452,8001
3453,7999
3454,7985
3455,7984
3456,7983
3457,7972
3458,7969
3459,7969
3460,7961
3461,7945
3462,7939
3463,7934
3464,7928
3465,7915
3466,7912
3467,7901
3468,7900
3469,7899
3470,7898
3471,7886
3472,7878
3473,7877
3474,7873
3475,7860
3476,7857
3477,7850
3478,7842
3479,7842
3480,7842
3481,7824
3482,7824
3483,7823
3484,7822
3485,7820
3486,7808
3487,7802
3488,7801
3489,7801
3490,7787
3491,7782
3492,7780
3493,7779
3494,7779
3495,7778
3496,7777
3497,7770
3498,7769
3499,7766
3500,7763
3501,7756
3502,7751
3503,7751
3504,7751
3505,7747
3506,7739
3507,7735
3508,7731
3509,7721
3510,7720
3511,7717
3512,7711
3513,7709
3514,7708
3515,7702
3516,7701
3517,7690
3518,7678
3519,7676
3520,7672
3521,7666
3522,7663
3523,7661
3524,7654
3525,7653
3526,7643
3527,7640
3528,7636
3529,7634
3530,7630
3531,7627
3532,7626
3533,7624
3534,7619
3535,7614
3536,7610
3537,7597
3538,7597
3539,7592
3540,7588
3541,7587
3542,7587
3543,7585
3544,7585
3545,7584
3546,7577
3547,7570
3548,7559
3549,7553
3550,7553
3551,7550
3552,7545
3553,7542
3554,7541
3555,7538
3556,7536
3557,7532
3558,7531
3559,7530
3560,7521
3561,7519
3562,7518
3563,7510
3564,7503
3565,7496
3566,7493
3567,7489
3568,7486
3569,7484
3570,7478
3571,7474
3572,7474
3573,7470
3574,7470
3575,7466
3576,7462
3577,7459
3578,7455
3579,7455
3580,7454
3581,7454
3582,7452
3583,7447
3584,7443
3585,7430
3586,7425
3587,7423
3588,7420
3589,7416
3590,7409
3591,7407
3592,7393
3593,7392
3594,7382
3595,7375
3596,7364
3597,7358
3598,7357
3599,7351
3600,7347
3601,7344
3602,7342
3603,7341
3604,7341
3605,7333
3606,7328
3607,7315
3608,7313
3609,7310
3610,7305
3611,7302
3612,7301
3613,7299
3614,7297
3615,7296
3616,7294
3617,7294
3618,7291
3619,7287
3620,7285
3621,7284
3622,7271
3623,7270
3624,7259
3625,7253
3626,7247
3627,7243
3628,7243
3629,7238
3630,7233
3631,7231
3632,7227
3633,7226
3634,7225
3635,7219
3636,7219
3637,7212
3638,7208
3639,7208
3640,7206
3641,7204
3642,7201
3643,7196
3644,7195
3645,7194
3646,7184
3647,7182
3648,7182
3649,7181
3650,7174
3651,7165
3652,7164
3653,7160
3654,7154
3655,7147
3656,7145
3657,7145
3658,7143
3659,7140
3660,7139
3661,7134
3662,7127
3663,7127
3664,7125
3665,7119
3666,7114
3667,7112
3668,7108
3669,7105
3670,7102
3671,7091
3672,7089
3673,7088
3674,7087
3675,7086
3676,7082
3677,7079
3678,7071
3679,7067
3680,7065
3681,7056
3682,7050
3683,7045
3684,7037
3685,7031
3686,7029
3687,7029
3688,7024
3689,7013
3690,7012
3691,7009
3692,7007
3693,7002
3694,6999
3695,6998
3696,6993
3697,6985
3698,6984
3699,6982
3700,6979
3701,6979
3702,6978
3703,6974
3704,6970
3705,6969
3706,6968
3707,6965
3708,6960
3709,6952
3710,6947
3711,6946
3712,6946
3713,6942
3714,6936
3715,6935
3716,6926
3717,6924
3718,6922
3719,6917
3720,6917
3721,6902
3722,6901
3723,6895
3724,6894
3725,6890
3726,6885
3727,6884
3728,6870
3729,6864
3730,6858
3731,6857
3732,6853
3733,6848
3734,6846
3735,6845
3736,6845
3737,6843
3738,6839
3739,6833
3740,6830
3741,6821
3742,6815
3743,6807
3744,6799
3745,6797
3746,6795
3747,6789
3748,6784
3749,6781
3750,6781
3751,6780
3752,6767
3753,6755
3754,6755
3755,6748
3756,6744
3757,6743
3758,6738
3759,6733
3760,6733
3761,6733
3762,6732
3763,6729
3764,6728
3765,6718
3766,6713
3767,6712
3768,6707
3769,6701
3770,6698
3771,6697
3772,6696
3773,6696
3774,6694
3775,6684
3776,6678
3777,6677
3778,6677
3779,6672
3780,6659
3781,6657
3782,6657
3783,6652
3784,6647
3785,6635
3786,6635
3787,6627
3788,6625
3789,6624
3790,6618
3791,6613
3792,6613
3793,6612
3794,6609
3795,6607
3796,6607
3797,6592
3798,6579
3799,6577
3800,6575
3801,6575
3802,6569
3803,6565
3804,6558
3805,6557
3806,6547
3807,6543
3808,6543
3809,6542
3810,6539
3811,6533
3812,6531
3813,6531
3814,6524
3815,6515
3816,6514
3817,6513
3818,6512
3819,6492
3820,6492
3821,6491
3822,6489
3823,6484
3824,6482
3825,6481
3826,6476
3827,6475
3828,6474
3829,6462
3830,6461
3831,6460
3832,6458
3833,6458
3834,6449
3835,6446
3836,6444
3837,6442
3838,6437
3839,6435
3840,6435
3841,6431
3842,6431
3843,6431
3844,6430
3845,6428
3846,6428
3847,6421
3848,6421
3849,6415
3850,6415
3851,6411
3852,6409
3853,6405
3854,6404
3855,6399
3856,6397
3857,6397
3858,6395
3859,6394
3860,6393
3861,6389
3862,6387
3863,6386
3864,6386
3865,6382
3866,6379
3867,6375
3868,6373
3869,6369
3870,6369
3871,6368
3872,6365
3873,6360
3874,6348
3875,6345
3876,6345
3877,6345
3878,6342
3879,6336
3880,6330
3881,6329
3882,6327
3883,6327
3884,6324
3885,6313
3886,6310
3887,6309
3888,6307
3889,6307
3890,6302
3891,6302
3892,6298
3893,6298
3894,6296
3895,6295
3896,6293
3897,6293
3898,6287
3899,6281
3900,6280
3901,6275
3902,6274
3903,6271
3904,6261
3905,6259
3906,6256
3907,6255
3908,6254
3909,6252
3910,6250
3911,6244
3912,6243
3913,6241
3914,6237
3915,6235
3916,6233
3917,6230
3918,6228
3919,6224
3920,6223
3921,6218
3922,6215
3923,6215
3924,6215
3925,6213
3926,6211
3927,6209
3928,6207
3929,6207
3930,6188
3931,6180
3932,6178
3933,6171
3934,6169
3935,6168
3936,6164
3937,6163
3938,6161
3939,6160
3940,6157
3941,6154
3942,6146
3943,6145
3944,6142
3945,6139
3946,6136
3947,6135
3948,6130
3949,6129
3950,6128
3951,6124
3952,6118
3953,6111
3954,6107
3955,6105
3956,6102
3957,6101
3958,6098
3959,6096
3960,6091
3961,6089
3962,6087
3963,6083
3964,6083
3965,6080
3966,6077
3967,6076
3968,6070
3969,6066
3970,6061
3971,6060
3972,6059
3973,6059
3974,6054
3975,6053
3976,6043
3977,6042
3978,6041
3979,6039
3980,6020
3981,6010
3982,6007
3983,6001
3984,5993
3985,5988
3986,5988
3987,5984
3988,5983
3989,5983
3990,5982
3991,5982
3992,5979
3993,5975
3994,5973
3995,5973
3996,5966
3997,5965
3998,5964
3999,5960
4000,5950
4001,5948
4002,5939
4003,5938
4004,5936
4005,5935
4006,5935
4007,5931
4008,5929
4009,5928
4010,5928
4011,5925
4012,5920
4013,5915
4014,5909
4015,5909
4016,5908
4017,5905
4018,5898
4019,5878
4020,5875
4021,5874
4022,5868
4023,5864
4024,5864
4025,5861
4026,5858
4027,5857
4028,5851
4029,5842
4030,5841
4031,5840
4032,5835
4033,5834
4034,5833
4035,5832
4036,5825
4037,5819
4038,5813
4039,5792
4040,5788
4041,5786
4042,5780
4043,5778
4044,5778
4045,5777
4046,5777
4047,5775
4048,5775
4049,5773
4050,5772
4051,5769
4052,5769
4053,5767
4054,5766
4055,5762
4056,5755
4057,5752
4058,5751
4059,5749
4060,5744
4061,5743
4062,5742
4063,5741
4064,5740
4065,5735
4066,5733
4067,5733
4068,5731
4069,5727
4070,5722
4071,5715
4072,5706
4073,5703
4074,5701
4075,5701
4076,5700
4077,5696
4078,5693
4079,5690
4080,5690
4081,5688
4082,5683
4083,5677
4084,5674
4085,5668
4086,5667
4087,5660
4088,5659
4089,5657
4090,5651
4091,5649
4092,5647
4093,5647
4094,5637
4095,5634
4096,5633
4097,5633
4098,5628
4099,5623
4100,5623
4101,5623
4102,5620
4103,5620
4104,5618
4105,5615
4106,5615
4107,5606
4108,5605
4109,5605
4110,5601
4111,5599
4112,5599
4113,5597
4114,5589
4115,5587
4116,5586
4117,5585
4118,5584
4119,5579
4120,5576
4121,5575
4122,5572
4123,5567
4124,5567
4125,5553
4126,5535
4127,5526
4128,5524
4129,5520
4130,5516
4131,5515
4132,5515
4133,5514
4134,5508
4135,5499
4136,5498
4137,5496
4138,5495
4139,5492
4140,5492
4141,5492
4142,5491
4143,5482
4144,5479
4145,5476
4146,5472
4147,5470
4148,5468
4149,5466
4150,5463
4151,5461
4152,5459
4153,5456
4154,5452
4155,5451
4156,5433
4157,5432
4158,5430
4159,5429
4160,5425
4161,5422
4162,5414
4163,5408
4164,5407
4165,5406
4166,5406
4167,5404
4168,5403
4169,5394
4170,5390
4171,5383
4172,5374
4173,5367
4174,5360
4175,5359
4176,5357
4177,5356
4178,5350
4179,5341
4180,5336
4181,5334
4182,5327
4183,5319
4184,5318
4185,5314
4186,5314
4187,5311
4188,5311
4189,5296
4190,5296
4191,5293
4192,5291
4193,5290
4194,5282
4195,5281
4196,5277
4197,5275
4198,5271
4199,5267
4200,5265
4201,5257
4202,5256
4203,5252
4204,5248
4205,5248
4206,5246
4207,5241
4208,5240
4209,5231
4210,5226
4211,5222
4212,5220
4213,5215
4214,5206
4215,5203
4216,5203
4217,5201
4218,5193
4219,5191
4220,5185
4221,5185
4222,5182
4223,5182
4224,5175
4225,5175
4226,5173
4227,5166
4228,5165
4229,5164
4230,5164
4231,5162
4232,5161
4233,5160
4234,5159
4235,5146
4236,5144
4237,5144
4238,5139
4239,5138
4240,5131
4241,5130
4242,5121
4243,5115
4244,5115
4245,5106
4246,5102
4247,5099
4248,5088
4249,5088
4250,5086
4251,5085
4252,5083
4253,5081
4254,5079
4255,5078
4256,5076
4257,5075
4258,5071
4259,5068
4260,5067
4261,5063
4262,5062
4263,5061
4264,5060
4265,5060
4266,5058
4267,5054
4268,5051
4269,5049
4270,5048
4271,5045
4272,5038
4273,5038
4274,5036
4275,5034
4276,5034
4277,5032
4278,5029
4279,5023
4280,5009
4281,5009
4282,5006
4283,5006
4284,4992
4285,4991
4286,4991
4287,4991
4288,4990
4289,4990
4290,4988
4291,4986
4292,4986
4293,4981
4294,4979
4295,4979
4296,4974
4297,4974
4298,4968
4299,4968
4300,4967
4301,4960
4302,4959
4303,4950
4304,4946
4305,4944
4306,4940
4307,4939
4308,4938
4309,4933
4310,4933
4311,4927
4312,4926
4313,4925
4314,4920
4315,4920
4316,4915
4317,4912
4318,4911
4319,4909
4320,4906
4321,4902
4322,4899
4323,4897
4324,4896
4325,4896
4326,4896
4327,4893
4328,4891
4329,4886
4330,4883
4331,4883
4332,4881
4333,4880
4334,4877
4335,4872
4336,4866
4337,4863
4338,4863
4339,4860
4340,4854
4341,4852
4342,4848
4343,4845
4344,4840
4345,4839
4346,4836
4347,4835
4348,4835
4349,4834
4350,4832
4351,4826
4352,4825
4353,4823
4354,4823
4355,4821
4356,4820
4357,4820
4358,4811
4359,4806
4360,4805
4361,4803
4362,4802
4363,4802
4364,4800
4365,4798
4366,4797
4367,4797
4368,4796
4369,4795
4370,4792
4371,4789
4372,4786
4373,4778
4374,4777
4375,4775
4376,4774
4377,4772
4378,4771
4379,4768
4380,4762
4381,4761
4382,4758
4383,4757
4384,4751
4385,4748
4386,4747
4387,4743
4388,4740
4389,4736
4390,4735
4391,4735
4392,4735
4393,4732
4394,4732
4395,4729
4396,4727
4397,4725
4398,4724
4399,4721
4400,4716
4401,4713
4402,4706
4403,4701
4404,4697
4405,4697
4406,4694
4407,4694
4408,4693
4409,4690
4410,4686
4411,4684
4412,4681
4413,4679
4414,4677
4415,4672
4416,4660
4417,4657
4418,4655
4419,4650
4420,4648
4421,4648
4422,4642
4423,4641
4424,4641
4425,4637
4426,4636
4427,4635
4428,4630
4429,4627
4430,4622
4431,4621
4432,4618
4433,4615
4434,4611
4435,4611
4436,4607
4437,4602
4438,4600
4439,4596
4440,4595
4441,4593
4442,4593
4443,4588
4444,4586
4445,4579
4446,4575
4447,4572
4448,4572
4449,4572
4450,4569
4451,4568
4452,4565
4453,4564
4454,4561
4455,4557
4456,4556
4457,4551
4458,4549
4459,4547
4460,4547
4461,4546
4462,4542
4463,4537
4464,4536
4465,4532
4466,4531
4467,4530
4468,4527
4469,4521
4470,4519
4471,4517
4472,4515
4473,4514
4474,4512
4475,4512
4476,4509
4477,4508
4478,4507
4479,4506
4480,4505
4481,4503
4482,4502
4483,4499
4484,4497
4485,4496
4486,4495
4487,4494
4488,4493
4489,4490
4490,4490
4491,4490
4492,4489
4493,4487
4494,4487
4495,4486
4496,4480
4497,4478
4498,4478
4499,4475
4500,4473
4501,4473
4502,4469
4503,4467
4504,4458
4505,4456
4506,4454
4507,4452
4508,4451
4509,4451
4510,4449
4511,4447
4512,4443
4513,4440
4514,4435
4515,4435
4516,4435
4517,4433
4518,4433
4519,4431
4520,4430
4521,4429
4522,4429
4523,4426
4524,4424
4525,4416
4526,4412
4527,4412
4528,4410
4529,4405
4530,4405
4531,4404
4532,4403
4533,4399
4534,4390
4535,4389
4536,4388
4537,4387
4538,4384
4539,4376
4540,4372
4541,4371
4542,4368
4543,4367
4544,4365
4545,4363
4546,4362
4547,4362
4548,4356
4549,4352
4550,4350
4551,4349
4552,4347
4553,4346
4554,4345
4555,4343
4556,4342
4557,4342
4558,4341
4559,4338
4560,4337
4561,4336
4562,4328
4563,4322
4564,4321
4565,4320
4566,4316
4567,4315
4568,4314
4569,4308
4570,4306
4571,4306
4572,4305
4573,4304
4574,4304
4575,4301
4576,4295
4577,4295
4578,4293
4579,4293
4580,4286
4581,4285
4582,4280
4583,4277
4584,4276
4585,4273
4586,4270
4587,4265
4588,4265
4589,4262
4590,4258
4591,4258
4592,4253
4593,4252
4594,4251
4595,4247
4596,4245
4597,4243
4598,4242
4599,4241
4600,4233
4601,4232
4602,4231
4603,4231
4604,4230
4605,4225
4606,4221
4607,4220
4608,4217
4609,4215
4610,4212
4611,4212
4612,4211
4613,4208
4614,4205
4615,4203
4616,4201
4617,4196
4618,4193
4619,4190
4620,4189
4621,4186
4622,4186
4623,4185
4624,4185
4625,4184
4626,4181
4627,4176
4628,4174
4629,4174
4630,4173
4631,4171
4632,4170
4633,4170
4634,4158
4635,4156
4636,4153
4637,4153
4638,4149
4639,4149
4640,4147
4641,4147
4642,4146
4643,4142
4644,4138
4645,4133
4646,4131
4647,4124
4648,4123
4649,4120
4650,4117
4651,4114
4652,4111
4653,4109
4654,4108
4655,4108
4656,4106
4657,4103
4658,4102
4659,4100
4660,4099
4661,4099
4662,4098
4663,4097
4664,4091
4665,4091
4666,4087
4667,4085
4668,4079
4669,4079
4670,4067
4671,4067
4672,4065
4673,4061
4674,4059
4675,4056
4676,4052
4677,4050
4678,4048
4679,4046
4680,4045
4681,4045
4682,4042
4683,4040
4684,4039
4685,4039
4686,4038
4687,4038
4688,4036
4689,4035
4690,4033
4691,4032
4692,4032
4693,4030
4694,4028
4695,4027
4696,4017
4697,4014
4698,4012
4699,4011
4700,4005
4701,4003
4702,4000
4703,4000
4704,3997
4705,3994
4706,3994
4707,3993
4708,3992
4709,3989
4710,3987
4711,3986
4712,3982
4713,3979
4714,3978
4715,3977
4716,3977
4717,3976
4718,3973
4719,3972
4720,3969
4721,3965
4722,3963
4723,3956
4724,3950
4725,3944
4726,3939
4727,3938
4728,3935
4729,3933
4730,3932
4731,3926
4732,3907
4733,3906
4734,3899
4735,3899
4736,3898
4737,3897
4738,3895
4739,3892
4740,3891
4741,3884
4742,3883
4743,3881
4744,3878
4745,3874
4746,3873
4747,3867
4748,3865
4749,3861
4750,3859
4751,3855
4752,3854
4753,3853
4754,3850
4755,3850
4756,3848
4757,3846
4758,3842
4759,3842
4760,3841
4761,3837
4762,3829
4763,3828
4764,3823
4765,3819
4766,3819
4767,3815
4768,3815
4769,3815
4770,3814
4771,3807
4772,3802
4773,3799
4774,3793
4775,3793
4776,3781
4777,3780
4778,3780
4779,3770
4780,3769
4781,3768
4782,3767
4783,3763
4784,3759
4785,3758
4786,3755
4787,3753
4788,3751
4789,3748
4790,3745
4791,3739
4792,3736
4793,3732
4794,3731
4795,3730
4796,3730
4797,3729
4798,3726
4799,3723
4800,3719
4801,3719
4802,3716
4803,3711
4804,3709
4805,3702
4806,3699
4807,3698
4808,3693
4809,3691
4810,3685
4811,3679
4812,3679
4813,3678
4814,3676
4815,3674
4816,3673
4817,3671
4818,3667
4819,3666
4820,3659
4821,3657
4822,3650
4823,3636
4824,3633
4825,3630
4826,3628
4827,3627
4828,3626
4829,3625
4830,3624
4831,3621
4832,3620
4833,3620
4834,3618
4835,3618
4836,3614
4837,3610
4838,3610
4839,3610
4840,3607
4841,3600
4842,3598
4843,3596
4844,3596
4845,3587
4846,3586
4847,3579
4848,3573
4849,3568
4850,3562
4851,3562
4852,3560
4853,3556
4854,3553
4855,3551
4856,3549
4857,3543
4858,3543
4859,3542
4860,3539
4861,3534
4862,3532
4863,3527
4864,3525
4865,3520
4866,3520
4867,3514
4868,3513
4869,3508
4870,3507
4871,3501
4872,3501
4873,3501
4874,3495
4875,3493
4876,3492
4877,3490
4878,3489
4879,3486
4880,3485
4881,3485
4882,3481
4883,3480
4884,3479
4885,3476
4886,3475
4887,3474
4888,3474
4889,3472
4890,3471
4891,3467
4892,3466
4893,3464
4894,3463
4895,3461
4896,3460
4897,3456
4898,3448
4899,3443
4900,3440
4901,3439
4902,3437
4903,3435
4904,3429
4905,3426
4906,3420
4907,3417
4908,3414
4909,3404
4910,3403
4911,3403
4912,3401
4913,3392
4914,3388
4915,3386
4916,3383
4917,3381
4918,3377
4919,3376
4920,3375
4921,3373
4922,3373
4923,3371
4924,3367
4925,3366
4926,3362
4927,3360
4928,3360
4929,3359
4930,3356
4931,3354
4932,3352
4933,3351
4934,3350
4935,3344
4936,3343
4937,3335
4938,3334
4939,3333
4940,3332
4941,3326
4942,3326
4943,3324
4944,3323
4945,3320
4946,3319
4947,3318
4948,3316
4949,3316
4950,3311
4951,3307
4952,3306
4953,3304
4954,3299
4955,3299
4956,3299
4957,3296
4958,3294
4959,3292
4960,3289
4961,3287
4962,3285
4963,3281
4964,3279
4965,3274
4966,3271
4967,3270
4968,3270
4969,3266
4970,3266
4971,3264
4972,3258
4973,3258
4974,3252
4975,3250
4976,3249
4977,3249
4978,3247
4979,3246
4980,3243
4981,3239
4982,3237
4983,3237
4984,3235
4985,3234
4986,3234
4987,3230
4988,3229
4989,3228
4990,3228
4991,3226
4992,3225
4993,3224
4994,3223
4995,3222
4996,3219
4997,3219
4998,3214
4999,3212
5000,3212
5001,3210
5002,3207
5003,3206
5004,3201
5005,3200
5006,3199
5007,3199
5008,3190
5009,3190
5010,3189
5011,3187
5012,3186
5013,3182
5014,3181
5015,3177
5016,3176
5017,3175
5018,3174
5019,3173
5020,3171
5021,3170
5022,3166
5023,3162
5024,3159
5025,3158
5026,3156
5027,3154
5028,3154
5029,3148
5030,3146
5031,3143
5032,3141
5033,3139
5034,3136
5035,3134
5036,3134
5037,3132
5038,3132
5039,3123
5040,3121
5041,3121
5042,3120
5043,3112
5044,3111
5045,3106
5046,3105
5047,3105
5048,3098
5049,3098
5050,3097
5051,3088
5052,3085
5053,3078
5054,3077
5055,3072
5056,3069
5057,3069
5058,3064
5059,3063
5060,3062
5061,3061
5062,3060
5063,3059
5064,3056
5065,3054
5066,3053
5067,3053
5068,3053
5069,3051
5070,3043
5071,3042
5072,3041
5073,3039
5074,3036
5075,3035
5076,3034
5077,3031
5078,3029
5079,3029
5080,3029
5081,3028
5082,3027
5083,3023
5084,3023
5085,3019
5086,3016
5087,3012
5088,3012
5089,3010
5090,3008
5091,3001
5092,3000
5093,3000
5094,2998
5095,2991
5096,2991
5097,2991
5098,2991
5099,2986
5100,2986
5101,2979
5102,2978
5103,2977
5104,2976
5105,2973
5106,2970
5107,2970
5108,2965
5109,2964
5110,2964
5111,2963
5112,2963
5113,2960
5114,2955
5115,2953
5116,2953
5117,2953
5118,2952
5119,2951
5120,2946
5121,2938
5122,2930
5123,2923
5124,2921
5125,2918
5126,2917
5127,2913
5128,2912
5129,2911
5130,2907
5131,2899
5132,2896
5133,2894
5134,2893
5135,2892
5136,2889
5137,2888
5138,2886
5139,2885
5140,2883
5141,2874
5142,2872
5143,2870
5144,2869
5145,2867
5146,2866
5147,2865
5148,2860
5149,2859
5150,2855
5151,2854
5152,2848
5153,2842
5154,2838
5155,2838
5156,2837
5157,2837
5158,2834
5159,2834
5160,2833
5161,2832
5162,2829
5163,2825
5164,2819
5165,2818
5166,2816
5167,2815
5168,2815
5169,2814
5170,2813
5171,2811
5172,2809
5173,2808
5174,2807
5175,2803
5176,2801
5177,2799
5178,2797
5179,2795
5180,2790
5181,2789
5182,2787
5183,2787
5184,2786
5185,2784
5186,2780
5187,2779
5188,2776
5189,2766
5190,2764
5191,2763
5192,2761
5193,2761
5194,2757
5195,2756
5196,2755
5197,2753
5198,2750
5199,2749
5200,2746
5201,2743
5202,2742
5203,2741
5204,2741
5205,2740
5206,2735
5207,2731
5208,2729
5209,2729
5210,2726
5211,2726
5212,2725
5213,2725
5214,2722
5215,2720
5216,2719
5217,2719
5218,2712
5219,2709
5220,2707
5221,2705
5222,2704
5223,2702
5224,2699
5225,2699
5226,2697
5227,2695
5228,2685
5229,2685
5230,2682
5231,2677
5232,2676
5233,2675
5234,2674
5235,2670
5236,2668
5237,2662
5238,2660
5239,2658
5240,2655
5241,2652
5242,2651
5243,2648
5244,2647
5245,2642
5246,2640
5247,2638
5248,2638
5249,2636
5250,2633
5251,2633
5252,2633
5253,2633
5254,2632
5255,2629
5256,2622
5257,2621
5258,2620
5259,2618
5260,2617
5261,2616
5262,2610
5263,2609
5264,2608
5265,2606
5266,2605
5267,2600
5268,2599
5269,2598
5270,2594
5271,2592
5272,2591
5273,2572
5274,2562
5275,2562
5276,2555
5277,2555
5278,2554
5279,2544
5280,2542
5281,2540
5282,2540
5283,2529
5284,2521
5285,2519
5286,2514
5287,2510
5288,2509
5289,2504
5290,2500
5291,2499
5292,2499
5293,2496
5294,2493
5295,2490
5296,2480
5297,2474
5298,2473
5299,2466
5300,2464
5301,2463
5302,2463
5303,2460
5304,2456
5305,2449
5306,2448
5307,2442
5308,2441
5309,2441
5310,2440
5311,2438
5312,2437
5313,2432
5314,2429
5315,2420
5316,2419
5317,2415
5318,2409
5319,2406
5320,2403
5321,2395
5322,2391
5323,2391
5324,2390
5325,2387
5326,2385
5327,2378
5328,2375
5329,2373
5330,2367
5331,2364
5332,2363
5333,2363
5334,2355
5335,2353
5336,2351
5337,2349
5338,2346
5339,2345
5340,2344
5341,2343
5342,2333
5343,2332
5344,2330
5345,2329
5346,2327
5347,2319
5348,2316
5349,2315
5350,2311
5351,2310
5352,2306
5353,2305
5354,2304
5355,2301
5356,2299
5357,2297
5358,2296
5359,2291
5360,2288
5361,2288
5362,2287
5363,2273
5364,2271
5365,2265
5366,2263
5367,2260
5368,2260
5369,2258
5370,2255
5371,2251
5372,2250
5373,2246
5374,2234
5375,2231
5376,2228
5377,2224
5378,2222
5379,2219
5380,2217
5381,2206
5382,2206
5383,2204
5384,2203
5385,2201
5386,2196
5387,2195
5388,2194
5389,2193
5390,2190
5391,2189
5392,2188
5393,2188
5394,2188
5395,2185
5396,2176
5397,2175
5398,2175
5399,2173
5400,2165
5401,2165
5402,2162
5403,2162
5404,2160
5405,2146
5406,2137
5407,2136
5408,2135
5409,2134
5410,2134
5411,2133
5412,2130
5413,2129
5414,2128
5415,2124
5416,2122
5417,2121
5418,2120
5419,2116
5420,2100
5421,2100
5422,2095
5423,2093
5424,2093
5425,2090
5426,2088
5427,2086
5428,2085
5429,2076
5430,2070
5431,2069
5432,2063
5433,2062
5434,2062
5435,2060
5436,2058
5437,2055
5438,2052
5439,2049
5440,2049
5441,2047
5442,2045
5443,2044
5444,2040
5445,2036
5446,2035
5447,2028
5448,2028
5449,2023
5450,2018
5451,2016
5452,2008
5453,2008
5454,2003
5455,1999
5456,1992
5457,1991
5458,1988
5459,1986
5460,1984
5461,1979
5462,1969
5463,1968
5464,1967
5465,1964
5466,1954
5467,1934
5468,1925
5469,1901
5470,1901
5471,1897
5472,1890
5473,1888
5474,1884
5475,1882
5476,1880
5477,1875
5478,1873
5479,1870
5480,1869
5481,1864
5482,1860
5483,1858
5484,1856
5485,1854
5486,1853
5487,1852
5488,1850
5489,1841
5490,1839
5491,1837
5492,1833
5493,1828
5494,1826
5495,1822
5496,1808
5497,1807
5498,1800
5499,1800
5500,1798
5501,1791
5502,1788
5503,1783
5504,1779
5505,1773
5506,1771
5507,1769
5508,1760
5509,1755
5510,1751
5511,1750
5512,1748
5513,1724
5514,1720
5515,1719
5516,1714
5517,1711
5518,1710
5519,1707
5520,1698
5521,1694
5522,1693
5523,1689
5524,1687
5525,1686
5526,1678
5527,1673
5528,1672
5529,1662
5530,1655
5531,1641
5532,1638
5533,1628
5534,1627
5535,1624
5536,1617
5537,1604
5538,1599
5539,1585
5540,1579
5541,1578
5542,1563
5543,1558
5544,1531
5545,1530
5546,1499
5547,1498
5548,1496
5549,1492
5550,1442
5551,1426
5552,1426
5553,1419
5554,1419
5555,1398
5556,1387
5557,1353
5558,1352
5559,1327
5560,1317
5561,1311
5562,1248
5563,1211
5564,1186
5565,1157
5566,1091
5567,1074
5568,1006
5569,928
5570,921
5571,854